signal_label,tau,smooth_window,reference_quantile,n_pairs,n_runs,t_conv_range,t_plateau_range,spearman,p_value,slope
RND,0.1,1,0.5,6,12,10240.0,22500.0,0.3178208630818641,0.5393202641187119,1.006857322080292
RND,0.1,1,1.0,12,12,18432.0,7500.0,-0.4434632910146023,0.1487396574854968,-0.14145486856223147
RND,0.1,5,0.5,12,12,18432.0,30000.0,0.4953659797306823,0.10150764791094327,1.2992891630901278
RND,0.1,5,1.0,12,12,18432.0,5000.0,0.1351505925137828,0.6753709857716979,0.05762976126609439
RND,0.1,9,0.5,12,12,18432.0,15000.0,0.711721493456117,0.009428104891256171,0.8277729345493561
RND,0.1,9,1.0,12,12,18432.0,5000.0,0.3221145962050385,0.3072167149937408,0.12049859173819756
RND,0.2,1,0.5,11,12,10240.0,117500.0,0.4891921331025581,0.12673313538072578,2.866683467741935
RND,0.2,1,1.0,12,12,18432.0,10000.0,0.2228714538243448,0.4862661921732909,0.12049859173819769
RND,0.2,5,0.5,12,12,18432.0,10000.0,0.06351841102118716,0.8445230009459992,-3.4098414126989804e-16
RND,0.2,5,1.0,12,12,18432.0,2500.0,0.15782189036217623,0.6242230125522799,0.06286883047210272
RND,0.2,9,0.5,12,12,18432.0,7500.0,0.11982731225525427,0.710685571922093,0.05762976126609416
RND,0.2,9,1.0,12,12,18432.0,2500.0,0.3682510775117446,0.2388751963692945,0.10478138412017109
RND,0.3,1,0.5,12,12,18432.0,25000.0,0.3431244645123708,0.27487043357431035,0.40340832886266076
RND,0.3,1,1.0,12,12,18432.0,2500.0,0.37198976298258213,0.23377150415898398,0.11525952253218862
RND,0.3,5,0.5,12,12,18432.0,10000.0,-0.14142597430370543,0.6610757059872311,-0.05762976126609496
RND,0.3,5,1.0,12,12,18432.0,2500.0,0.03327177587852354,0.9182409744383536,0.01047813841201712
RND,0.3,9,0.5,12,12,18432.0,5000.0,0.38426940631510903,0.217469305859116,0.1362157993562228
RND,0.3,9,1.0,12,12,18432.0,2500.0,0.5988919658134237,0.03962226528169502,0.11525952253218855
SVE grid b10,0.1,1,0.5,0,12,,,,,
SVE grid b10,0.1,1,1.0,5,12,14336.0,120000.0,0.09999999999999999,0.8728885715695384,-0.40132705479452063
SVE grid b10,0.1,5,0.5,0,12,,,,,
SVE grid b10,0.1,5,1.0,12,12,18432.0,97500.0,-0.2873573599474177,0.36512771052932647,-2.9443568937768236
SVE grid b10,0.1,9,0.5,0,12,,,,,
SVE grid b10,0.1,9,1.0,11,12,18432.0,97500.0,-0.09071337522575382,0.790815387777668,-0.6221268338022578
SVE grid b10,0.2,1,0.5,0,12,,,,,
SVE grid b10,0.2,1,1.0,11,12,18432.0,85000.0,-0.4362900268231966,0.17974671144684415,-2.223563730908357
SVE grid b10,0.2,5,0.5,4,12,12288.0,87500.0,-0.7999999999999999,0.2000000000000001,-5.279908697289154
SVE grid b10,0.2,5,1.0,12,12,18432.0,40000.0,-0.046859703557247404,0.8850181593303734,0.42436460568669454
SVE grid b10,0.2,9,0.5,5,12,10240.0,87500.0,0.13157894736842107,0.8329531569240444,-0.20345052083333576
SVE grid b10,0.2,9,1.0,12,12,18432.0,112500.0,0.4641759499240151,0.12847373328761744,1.6083942462446346
SVE grid b10,0.3,1,0.5,0,12,,,,,
SVE grid b10,0.3,1,1.0,12,12,18432.0,105000.0,0.13745938515738734,0.6700998267903111,-0.5710585434549376
SVE grid b10,0.3,5,0.5,5,12,12288.0,87500.0,-0.8207826816681234,0.08858700531354378,-5.141038161057696
SVE grid b10,0.3,5,1.0,12,12,18432.0,30000.0,0.6265007798498043,0.029270246333813216,1.2416594018240337
SVE grid b10,0.3,9,0.5,8,12,18432.0,87500.0,0.024098134635593998,0.9548334873494593,-0.06868406329923173
SVE grid b10,0.3,9,1.0,12,12,18432.0,55000.0,0.1034620784967807,0.7489854428479588,0.1728892837982818
SVE grid b20,0.1,1,0.5,0,12,,,,,
SVE grid b20,0.1,1,1.0,2,12,8192.0,102500.0,,,
SVE grid b20,0.1,5,0.5,0,12,,,,,
SVE grid b20,0.1,5,1.0,8,12,18432.0,127500.0,0.1697250257391052,0.687824259166142,1.285415097891567
SVE grid b20,0.1,9,0.5,0,12,,,,,
SVE grid b20,0.1,9,1.0,9,12,18432.0,105000.0,0.3995072518147366,0.2867546450322585,2.2153501157407423
SVE grid b20,0.2,1,0.5,0,12,,,,,
SVE grid b20,0.2,1,1.0,11,12,18432.0,90000.0,0.03721574368236054,0.9134938151285561,0.30223196342443664
SVE grid b20,0.2,5,0.5,1,12,0.0,0.0,,,
SVE grid b20,0.2,5,1.0,12,12,18432.0,112500.0,0.3058523701049712,0.33363860564234704,1.341201716738196
SVE grid b20,0.2,9,0.5,2,12,4096.0,27500.0,,,
SVE grid b20,0.2,9,1.0,12,12,18432.0,140000.0,0.3017252279447885,0.3405337277310225,1.8598695681330457
SVE grid b20,0.3,1,0.5,1,12,0.0,0.0,,,
SVE grid b20,0.3,1,1.0,12,12,18432.0,107500.0,0.28627886446462725,0.3670104434241083,2.1218230284334765
SVE grid b20,0.3,5,0.5,2,12,8192.0,2500.0,,,
SVE grid b20,0.3,5,1.0,12,12,18432.0,42500.0,0.0018022962906633613,0.9955646806817203,0.4296036748927035
SVE grid b20,0.3,9,0.5,4,12,4096.0,65000.0,0.7745966692414834,0.22540333075851665,14.038085937499986
SVE grid b20,0.3,9,1.0,12,12,18432.0,125000.0,0.4163304431432364,0.17822971443673497,2.200409066523603
SVE grid b5,0.1,1,0.5,0,12,,,,,
SVE grid b5,0.1,1,1.0,11,12,18432.0,100000.0,0.066369347798667,0.8462697309749497,0.4813498126971618
SVE grid b5,0.1,5,0.5,0,12,,,,,
SVE grid b5,0.1,5,1.0,11,12,18432.0,77500.0,-0.28184238144540524,0.40110272516585843,-1.4864082216088315
SVE grid b5,0.1,9,0.5,0,12,,,,,
SVE grid b5,0.1,9,1.0,11,12,18432.0,82500.0,0.004697373024090087,0.9890638132513392,-0.08279216778391314
SVE grid b5,0.2,1,0.5,2,12,6144.0,22500.0,,,
SVE grid b5,0.2,1,1.0,12,12,18432.0,85000.0,0.14857510687404707,0.6449159991337094,0.7282306196351925
SVE grid b5,0.2,5,0.5,4,12,6144.0,107500.0,-0.21081851067789195,0.7891814893221081,-1.7632378472222001
SVE grid b5,0.2,5,1.0,12,12,18432.0,32500.0,0.3370118277874726,0.28407136418302986,0.874924557403433
SVE grid b5,0.2,9,0.5,6,12,14336.0,125000.0,0.9404032585917882,0.005221820373325742,7.911538178066037
SVE grid b5,0.2,9,1.0,12,12,18432.0,67500.0,0.04167350558662295,0.8976812123106972,-0.18336742221030075
SVE grid b5,0.3,1,0.5,4,12,6144.0,100000.0,-0.2581988897471611,0.7418011102528389,-3.5264756944444478
SVE grid b5,0.3,1,1.0,12,12,18432.0,57500.0,0.1931861194349541,0.5474578336116579,1.4145486856223164
SVE grid b5,0.3,5,0.5,10,12,18432.0,117500.0,-0.23211296086970093,0.5187355478639348,-1.2885199652777766
SVE grid b5,0.3,5,1.0,12,12,18432.0,35000.0,0.23790311036756367,0.45652620478947126,0.5972538894849789
SVE grid b5,0.3,9,0.5,8,12,18432.0,92500.0,0.39761922148730094,0.3293169029907768,2.4769607099514594
SVE grid b5,0.3,9,1.0,12,12,18432.0,60000.0,0.1570765644003832,0.6258819839010759,0.26719252950643724
SVE kNN,0.1,1,0.5,0,12,,,,,
SVE kNN,0.1,1,1.0,0,12,,,,,
SVE kNN,0.1,5,0.5,0,12,,,,,
SVE kNN,0.1,5,1.0,4,12,8192.0,150000.0,0.19999999999999998,0.8,1.8136160714285712
SVE kNN,0.1,9,0.5,0,12,,,,,
SVE kNN,0.1,9,1.0,6,12,10240.0,125000.0,0.27322953332351235,0.6003545904291114,4.68409338662792
SVE kNN,0.2,1,0.5,0,12,,,,,
SVE kNN,0.2,1,1.0,5,12,18432.0,155000.0,0.19999999999999998,0.7470600781046621,-0.36507009345794683
SVE kNN,0.2,5,0.5,1,12,0.0,0.0,,,
SVE kNN,0.2,5,1.0,10,12,18432.0,120000.0,0.2925975386212639,0.4119828434565708,1.8442449963163061
SVE kNN,0.2,9,0.5,2,12,0.0,30000.0,,,
SVE kNN,0.2,9,1.0,11,12,18432.0,170000.0,0.30853250670279087,0.355943872988109,5.022263684809597
SVE kNN,0.3,1,0.5,0,12,,,,,
SVE kNN,0.3,1,1.0,10,12,18432.0,170000.0,0.7465254687430921,0.013125791337425903,4.6793619791666625
SVE kNN,0.3,5,0.5,2,12,2048.0,5000.0,,,
SVE kNN,0.3,5,1.0,12,12,18432.0,105000.0,0.16911836935216054,0.5992785246033804,0.41912553648068734
SVE kNN,0.3,9,0.5,6,12,10240.0,125000.0,0.030358837035945815,0.9544757346935634,1.9588026889534977
SVE kNN,0.3,9,1.0,12,12,18432.0,132500.0,0.3668103081658449,0.24085946821506035,4.610380901287551
